ENSID,Log2FC,AveExpr,t,P.Value,adj.P.Val,B,Gene
ENSG00000005108,-5.325072798,-5.325072798,-8.429285695,7.42E-05,0.021394889,2.250168496,THSD7A
ENSG00000005187,2.944400579,2.944400579,6.152583631,0.000510476,0.031327103,0.39214084,ACSM3
ENSG00000005844,-4.06656652,-4.06656652,-4.647910321,0.002494141,0.048550382,-1.213071044,ITGAL
ENSG00000006015,2.817097955,2.817097955,5.181994696,0.001372663,0.040733027,-0.603599554,REX1BD
ENSG00000006625,2.13405411,2.13405411,5.012404272,0.001652143,0.043133899,-0.792215111,GGCT
ENSG00000007080,3.813674111,3.813674111,5.129940542,0.001452401,0.041516056,-0.661012997,CCDC124
ENSG00000008282,2.979850707,2.979850707,6.176498495,0.000498902,0.031193978,0.414961242,SYPL1
ENSG00000009950,-3.337882573,-3.337882573,-5.154941915,0.002281628,0.047407147,-0.928376809,MLXIPL
ENSG00000010610,-5.593851759,-5.593851759,-7.284215175,0.000184353,0.02454771,1.390461572,CD4
ENSG00000011260,2.412686556,2.412686556,5.381870575,0.00110883,0.038251338,-0.38705204,UTP18
ENSG00000011590,-3.809781282,-3.809781282,-6.147824921,0.000938783,0.036236858,-0.074864787,ZBTB32
ENSG00000012779,-4.404733043,-4.404733043,-6.097769647,0.000538161,0.031974879,0.339537399,ALOX5
ENSG00000014641,2.026383093,2.026383093,4.735089915,0.002256273,0.047407147,-1.110470642,MDH1
ENSG00000015568,-3.06925762,-3.06925762,-6.354170841,0.000421591,0.030694428,0.582060295,RGPD5
ENSG00000017427,-2.654220121,-2.654220121,-5.777059892,0.000738211,0.034562877,0.023282221,IGF1
ENSG00000018280,-3.700054629,-3.700054629,-5.886943998,0.00066153,0.033749705,0.133291679,SLC11A1
ENSG00000019582,-4.48760788,-4.48760788,-5.534470866,0.000945411,0.036236858,-0.225837302,CD74
ENSG00000020633,2.351883739,2.351883739,4.902755684,0.001866382,0.045123373,-0.916583315,RUNX3
ENSG00000023572,2.797674268,2.797674268,6.171862386,0.000501122,0.031193978,0.410543455,GLRX2
ENSG00000024526,2.502115991,2.502115991,4.644198306,0.002504868,0.048590321,-1.217466894,DEPDC1
ENSG00000028116,1.986552806,1.986552806,4.621859979,0.002570517,0.049005885,-1.243967461,VRK2
ENSG00000028137,-3.465518963,-3.465518963,-5.300950803,0.001208139,0.039207852,-0.473978815,TNFRSF1B
ENSG00000031691,2.707480063,2.707480063,5.598753475,0.000884787,0.035708585,-0.158975347,CENPQ
ENSG00000037280,-4.189743107,-4.189743107,-9.736488994,2.96E-05,0.018598521,3.079704366,FLT4
ENSG00000038295,-3.470745329,-3.470745329,-6.031321877,0.001035884,0.037187928,-0.167703261,TLL1
ENSG00000038945,-7.072452702,-7.072452702,-12.47459289,1.98E-05,0.016484296,3.037032244,MSR1
ENSG00000041357,1.955010588,1.955010588,4.590733407,0.002665194,0.049511159,-1.281028324,PSMA4
ENSG00000042062,-3.477912988,-3.477912988,-5.002981458,0.001669436,0.043305062,-0.802827906,RIPOR3
ENSG00000042832,-2.813477873,-2.813477873,-6.11045902,0.000531605,0.031844892,0.351752067,TG
ENSG00000043462,-3.805321661,-3.805321661,-5.521066259,0.00095863,0.036236858,-0.239857723,LCP2
ENSG00000046889,-6.414719592,-6.414719592,-7.342819218,0.000843869,0.035701479,-0.161418683,PREX2
ENSG00000047936,-5.43889831,-5.43889831,-6.225813376,0.001756465,0.043996524,-0.699029942,ROS1
ENSG00000048707,-2.354225768,-2.354225768,-5.219581353,0.001318122,0.040443498,-0.562405946,VPS13D
ENSG00000050130,2.028800264,2.028800264,4.679256619,0.002405552,0.048111042,-1.176038829,JKAMP
ENSG00000052802,3.450610346,3.450610346,6.955218432,0.000244583,0.026777841,1.116703321,MSMO1
ENSG00000053438,-3.435136334,-3.435136334,-5.923251183,0.00063819,0.033444038,0.169258788,NNAT
ENSG00000057657,-3.306761804,-3.306761804,-6.657268724,0.000318863,0.029179726,0.857435453,PRDM1
ENSG00000060718,-3.750369633,-3.750369633,-5.619287551,0.000866349,0.035701479,-0.137747184,COL11A1
ENSG00000065268,2.320718845,2.320718845,4.630983115,0.002543478,0.048868139,-1.233134691,WDR18
ENSG00000065518,2.130300008,2.130300008,4.987599656,0.001698099,0.04355245,-0.820182458,NDUFB4
ENSG00000066248,2.439314562,2.439314562,4.616041684,0.002587928,0.049168328,-1.250883107,NGEF
ENSG00000067064,2.301600305,2.301600305,5.242861348,0.001285555,0.040030436,-0.537002046,IDI1
ENSG00000069122,-5.458817706,-5.458817706,-7.671063226,0.000133916,0.022929945,1.696445404,ADGRF5
ENSG00000069431,-5.371286052,-5.371286052,-6.205667767,0.000485181,0.031193978,0.442689225,ABCC9
ENSG00000069943,2.141540293,2.141540293,4.672857531,0.002423349,0.048136719,-1.18358576,PIGB
ENSG00000072401,2.310882376,2.310882376,5.400273185,0.001087539,0.037740205,-0.367423226,UBE2D1
ENSG00000072571,2.8595535,2.8595535,5.543012782,0.000937093,0.036236858,-0.216917032,HMMR
ENSG00000072952,-5.185173604,-5.185173604,-8.884682039,0.000131451,0.022929945,1.656898166,MRVI1
ENSG00000073146,-3.035751363,-3.035751363,-5.39794154,0.00181628,0.044691178,-0.705976958,MOV10L1
ENSG00000073910,-2.250605152,-2.250605152,-4.628438356,0.002550988,0.048921917,-1.236154973,FRY
ENSG00000075089,2.564215812,2.564215812,5.653081992,0.000836933,0.035701479,-0.102946637,ACTR6
ENSG00000076356,-3.003910435,-3.003910435,-6.2526017,0.000463987,0.031182042,0.487059959,PLXNA2
ENSG00000076554,2.06981445,2.06981445,4.777664566,0.002149345,0.047330241,-1.060810286,TPD52
ENSG00000076641,-2.563454421,-2.563454421,-4.564357532,0.002748449,0.049643171,-1.312555476,PAG1
ENSG00000077348,2.612446932,2.612446932,4.680922834,0.002400942,0.048087626,-1.174074819,EXOSC5
ENSG00000077420,-3.44538545,-3.44538545,-5.374944855,0.001855331,0.045102963,-0.726633582,APBB1IP
ENSG00000078237,2.840619737,2.840619737,5.17830861,0.001378146,0.040733027,-0.607651219,TIGAR
ENSG00000079102,-3.768253412,-3.768253412,-5.16565964,0.002258435,0.047407147,-0.918373485,RUNX1T1
ENSG00000079215,-3.367094809,-3.367094809,-5.0030636,0.001669285,0.043305062,-0.802735331,SLC1A3
ENSG00000079308,-4.176303573,-4.176303573,-5.524206667,0.000955514,0.036236858,-0.236570623,TNS1
ENSG00000080986,2.330476391,2.330476391,5.17475191,0.001383459,0.04083832,-0.611562674,NDC80
ENSG00000081154,2.44102376,2.44102376,5.697654152,0.000799831,0.03552773,-0.05730554,PCNP
ENSG00000081237,-4.142126128,-4.142126128,-6.816428421,0.00054799,0.032027897,0.423821698,PTPRC
ENSG00000081923,-4.354065346,-4.354065346,-8.379500498,7.71E-05,0.021394889,2.215568773,ATP8B1
ENSG00000083067,-3.224208924,-3.224208924,-6.341146542,0.000426776,0.030694428,0.569955912,TRPM3
ENSG00000083814,-3.675609665,-3.675609665,-5.25377819,0.001270593,0.039879185,-0.525118173,ZNF671
ENSG00000083937,2.642399101,2.642399101,6.194436551,0.000490413,0.031193978,0.432026767,CHMP2B
ENSG00000086189,2.130902926,2.130902926,4.726255946,0.002279192,0.047407147,-1.120811404,DIMT1
ENSG00000086717,-3.132073903,-3.132073903,-5.432709126,0.001759011,0.04401302,-0.674900078,PPEF1
ENSG00000087116,-3.83725247,-3.83725247,-5.989780173,0.000597782,0.032955733,0.234677718,ADAMTS2
ENSG00000087303,-3.550013179,-3.550013179,-4.673231878,0.002422304,0.048136719,-1.183144082,NID2
ENSG00000088035,3.087438003,3.087438003,6.366609243,0.000416705,0.030694428,0.593598976,ALG6
ENSG00000088766,2.277550811,2.277550811,5.272855154,0.001244912,0.039606214,-0.504395627,CRLS1
ENSG00000090376,-4.186763092,-4.186763092,-5.736682655,0.000768852,0.035294561,-0.017580866,IRAK3
ENSG00000090971,2.1051265,2.1051265,4.886696885,0.001900278,0.045404178,-0.934958608,NAT14
ENSG00000091164,2.225879021,2.225879021,4.883553447,0.001906992,0.04542499,-0.938560309,TXNL1
ENSG00000091656,-2.409484371,-2.409484371,-4.791357189,0.00211616,0.047048515,-1.044900748,ZFHX4
ENSG00000091831,-2.298297245,-2.298297245,-4.786542735,0.002127763,0.047121972,-1.050491255,ESR1
ENSG00000091879,-3.725562153,-3.725562153,-7.698459019,0.000130984,0.022929945,1.717488741,ANGPT2
ENSG00000093072,-3.62740579,-3.62740579,-5.045915001,0.001592241,0.042706426,-0.754586197,ADA2
ENSG00000095370,-2.675619025,-2.675619025,-4.825107139,0.00203677,0.04624875,-1.005815034,SH2D3C
ENSG00000096092,2.853643918,2.853643918,4.755613785,0.002204007,0.047407147,-1.08649457,TMEM14A
ENSG00000099783,2.111986104,2.111986104,4.971135605,0.001729388,0.043788628,-0.838799636,HNRNPM
ENSG00000099937,-4.599720544,-4.599720544,-7.931970977,0.000108741,0.022929945,1.893613662,SERPIND1
ENSG00000100055,-4.351945618,-4.351945618,-9.702234032,3.03E-05,0.018598521,3.059771291,CYTH4
ENSG00000100060,-4.081821726,-4.081821726,-5.483636262,0.001678811,0.043355338,-0.629709391,MFNG
ENSG00000100336,-4.411303268,-4.411303268,-6.652597426,0.000622759,0.033232934,0.306799305,APOL4
ENSG00000100354,-2.268888436,-2.268888436,-4.607003931,0.002615231,0.049382346,-1.26163627,TNRC6B
ENSG00000100365,-3.172253967,-3.172253967,-5.676532639,0.000817178,0.035686484,-0.078897092,NCF4
ENSG00000100368,-5.962460266,-5.962460266,-6.825125743,0.001170509,0.038677103,-0.39410507,CSF2RB
ENSG00000100385,-3.745226286,-3.745226286,-7.622482038,0.000139299,0.022929945,1.658929337,IL2RB
ENSG00000100442,2.919962025,2.919962025,6.569657669,0.000345323,0.029935136,0.779067244,FKBP3
ENSG00000100522,2.126086017,2.126086017,4.647910303,0.002494141,0.048550382,-1.213071065,GNPNAT1
ENSG00000100532,2.041449927,2.041449927,4.741568977,0.002239626,0.047407147,-1.10289445,CGRRF1
ENSG00000100583,-2.426871223,-2.426871223,-4.736528372,0.002252565,0.047407147,-1.108788021,SAMD15
ENSG00000100632,2.101931591,2.101931591,4.709746529,0.00232272,0.047597381,-1.140170511,ERH
ENSG00000100916,2.398038008,2.398038008,5.548710096,0.000931591,0.036236858,-0.210973441,BRMS1L
ENSG00000101082,3.473591133,3.473591133,8.163967924,9.08E-05,0.021864748,2.063005653,SLA2
ENSG00000101132,3.628622698,3.628622698,6.365704017,0.00078392,0.03552773,0.093895033,PFDN4
ENSG00000101182,1.992376469,1.992376469,4.561736253,0.002756879,0.049643171,-1.315694849,PSMA7
ENSG00000101336,-3.700054629,-3.700054629,-5.595019179,0.000888188,0.035708585,-0.162842608,HCK
ENSG00000101445,-4.291097855,-4.291097855,-7.626244662,0.000301453,0.028576733,0.957259502,PPP1R16B
ENSG00000101751,2.188061187,2.188061187,4.775136914,0.002155534,0.047332437,-1.063750474,POLI
ENSG00000102287,-4.168148796,-4.168148796,-7.401349573,0.000353931,0.030122871,0.816278126,GABRE
ENSG00000102755,-5.374990813,-5.374990813,-8.239153876,0.000198486,0.025205781,1.31593584,FLT1
ENSG00000102760,-2.554740207,-2.554740207,-4.705953171,0.002332851,0.047637545,-1.144624847,RGCC
ENSG00000102780,-5.861253376,-5.861253376,-8.914256095,5.21E-05,0.019406976,2.575150726,DGKH
ENSG00000102935,-2.822766804,-2.822766804,-4.601375822,0.002632396,0.049460512,-1.268339296,ZNF423
ENSG00000103067,-3.126900117,-3.126900117,-5.634365006,0.000853084,0.035701479,-0.12219995,ESRP2
ENSG00000103145,2.006417911,2.006417911,4.57267033,0.002721903,0.049643171,-1.302607014,HCFC1R1
ENSG00000103254,2.406540296,2.406540296,4.743522095,0.002234635,0.047407147,-1.100611926,FAM173A
ENSG00000103657,-2.36316853,-2.36316853,-5.314557802,0.001190767,0.039055804,-0.45929139,HERC1
ENSG00000104043,-5.978620477,-5.978620477,-6.84362406,0.001156491,0.038672981,-0.385325061,ATP8B4
ENSG00000104131,2.101207175,2.101207175,4.608590754,0.002610415,0.049371344,-1.259747304,EIF3J
ENSG00000104415,-2.98002889,-2.98002889,-5.622254726,0.00086372,0.035701479,-0.134684893,WISP1
ENSG00000104447,-3.0531976,-3.0531976,-5.195078705,0.001353396,0.040649567,-0.589235,TRPS1
ENSG00000104972,-5.113550058,-5.113550058,-5.853392825,0.002297586,0.047407147,-0.910206477,LILRB1
ENSG00000105048,2.966649067,2.966649067,5.22687258,0.002131016,0.047149229,-0.861587021,TNNT1
ENSG00000105339,-2.512283181,-2.512283181,-5.199504086,0.001346948,0.040530106,-0.584382539,DENND3
ENSG00000105373,2.543604391,2.543604391,4.575860973,0.00271179,0.049643171,-1.298791538,NOP53
ENSG00000105379,2.253688189,2.253688189,4.719336501,0.002297324,0.047407147,-1.128919866,ETFB
ENSG00000105639,-2.61129735,-2.61129735,-6.126719081,0.000523335,0.031690705,0.367371191,JAK3
ENSG00000105825,3.214795967,3.214795967,6.447985873,0.000386271,0.030215461,0.66858139,TFPI2
ENSG00000105894,2.95900242,2.95900242,4.685414636,0.002388562,0.048074116,-1.168782452,PTN
ENSG00000106003,-2.68825285,-2.68825285,-4.589968431,0.002667569,0.049511159,-1.281941117,LFNG
ENSG00000106211,2.705102632,2.705102632,4.547015521,0.002804756,0.049730186,-1.333345793,HSPB1
ENSG00000106258,-4.310079629,-4.310079629,-7.003817715,0.000234426,0.026758941,1.157954831,CYP3A5
ENSG00000106355,2.989347718,2.989347718,5.273181735,0.002040059,0.046277487,-0.819015978,LSM5
ENSG00000106823,-3.383417405,-3.383417405,-5.08019756,0.001533451,0.04239733,-0.716274032,ECM2
ENSG00000107282,-3.010507407,-3.010507407,-6.210190301,0.000483092,0.031193978,0.446977858,APBA1
ENSG00000107738,-2.788779333,-2.788779333,-5.678418216,0.000815612,0.035684939,-0.076966884,VSIR
ENSG00000107789,2.531391771,2.531391771,5.368675936,0.001124381,0.038503039,-0.401157696,MINPP1
ENSG00000107796,-2.016881501,-2.016881501,-4.71983844,0.002296003,0.047407147,-1.128331416,ACTA2
ENSG00000108001,-2.881373622,-2.881373622,-5.632918029,0.000854347,0.035701479,-0.123690549,EBF3
ENSG00000108515,2.186272741,2.186272741,5.14354165,0.001431079,0.041183387,-0.645970677,ENO3
ENSG00000108518,2.068120837,2.068120837,4.869683628,0.001936937,0.045579675,-0.95447098,PFN1
ENSG00000108666,2.506411534,2.506411534,4.80629359,0.002080609,0.046614608,-1.027580399,C17orf75
ENSG00000108798,-3.995126814,-3.995126814,-8.477397334,7.16E-05,0.021394889,2.283380738,ABI3
ENSG00000108950,-4.273824296,-4.273824296,-8.161672131,9.09E-05,0.021864748,2.061355987,FAM20A
ENSG00000109163,-4.568705434,-4.568705434,-6.247339838,0.000864057,0.035701479,0.002991286,GNRHR
ENSG00000109534,3.518539522,3.518539522,7.915189424,0.000110189,0.022929945,1.881147151,GAR1
ENSG00000109881,2.882138591,2.882138591,5.363802399,0.001130187,0.038514083,-0.406374455,CCDC34
ENSG00000110076,-3.983721575,-3.983721575,-7.812086567,0.000119575,0.022929945,1.803910583,NRXN2
ENSG00000110324,-4.916945607,-4.916945607,-5.628343091,0.002720421,0.049643171,-1.046679696,IL10RA
ENSG00000110723,-4.29828166,-4.29828166,-6.420387588,0.000396303,0.030215461,0.643250064,EXPH5
ENSG00000110799,-6.209386369,-6.209386369,-7.601778067,0.000141668,0.022929945,1.642862973,VWF
ENSG00000110876,-3.893391198,-3.893391198,-4.752830291,0.002211016,0.047407147,-1.089742286,SELPLG
ENSG00000110958,2.83632961,2.83632961,6.616360031,0.000330923,0.029681217,0.820965299,PTGES3
ENSG00000111231,2.282110112,2.282110112,5.361483141,0.001132961,0.038514083,-0.408858325,GPN3
ENSG00000111328,2.47665048,2.47665048,5.106956332,0.001489242,0.04198946,-0.686498581,CDK2AP1
ENSG00000111452,-2.543078876,-2.543078876,-4.876579448,0.001921984,0.045558791,-0.946556643,ADGRD1
ENSG00000111711,3.310668825,3.310668825,7.052042514,0.000224815,0.0264782,1.198606709,GOLT1B
ENSG00000111716,1.971686585,1.971686585,4.584716029,0.002683939,0.04963478,-1.288210998,LDHB
ENSG00000111726,2.652325248,2.652325248,6.18114206,0.000496688,0.031193978,0.419383175,CMAS
ENSG00000111775,2.081961328,2.081961328,4.846656366,0.001987812,0.045959511,-0.980954493,COX6A1
ENSG00000111783,-3.264245121,-3.264245121,-7.612370951,0.00014045,0.022929945,1.651088939,RFX4
ENSG00000111799,-2.492532053,-2.492532053,-5.333830987,0.001166635,0.038672981,-0.438536611,COL12A1
ENSG00000111817,-2.844112456,-2.844112456,-5.406242118,0.001080732,0.037728557,-0.361067661,DSE
ENSG00000111845,1.981843378,1.981843378,4.666810895,0.002440301,0.048186124,-1.190723093,PAK1IP1
ENSG00000112081,1.96148633,1.96148633,4.600132646,0.002636204,0.049460512,-1.269820598,SRSF3
ENSG00000112312,2.488217494,2.488217494,5.82950397,0.000700436,0.033749705,0.07600357,GMNN
ENSG00000112320,-2.881052177,-2.881052177,-4.721396983,0.002291908,0.047407147,-1.12650451,SOBP
ENSG00000112562,-3.974286452,-3.974286452,-7.808409884,0.000119926,0.022929945,1.801135687,SMOC2
ENSG00000112619,-3.337882574,-3.337882574,-5.154941915,0.002281628,0.047407147,-0.928376809,PRPH2
ENSG00000112874,2.224541462,2.224541462,5.001934696,0.00167137,0.043307043,-0.80400773,NUDT12
ENSG00000113319,-3.888216721,-3.888216721,-5.825332623,0.00070336,0.033749705,0.071824745,RASGRF2
ENSG00000113328,3.415265507,3.415265507,8.013424545,0.000102015,0.022929945,1.953710443,CCNG1
ENSG00000113361,-3.896043439,-3.896043439,-5.488098026,0.00099203,0.037014641,-0.274455489,CDH6
ENSG00000113460,2.90199926,2.90199926,4.77174807,0.002163862,0.047407147,-1.06769402,BRIX1
ENSG00000113555,-2.949711656,-2.949711656,-5.639669734,0.000848471,0.035701479,-0.116737951,PCDH12
ENSG00000113558,2.348949959,2.348949959,4.907386643,0.001856733,0.045102963,-0.911291983,SKP1
ENSG00000113575,2.020880333,2.020880333,4.617072548,0.002584833,0.049168328,-1.249657419,PPP2CA
ENSG00000114405,2.375251743,2.375251743,5.453494709,0.001028494,0.037187928,-0.310945542,C3orf14
ENSG00000114739,-2.81380782,-2.81380782,-4.668086421,0.002436714,0.048186124,-1.189216995,ACVR2B
ENSG00000114784,2.88590805,2.88590805,5.933550979,0.000631738,0.033367895,0.179427856,EIF1B
ENSG00000115310,2.166040104,2.166040104,4.701934909,0.002343636,0.04769074,-1.149345809,RTN4
ENSG00000115392,2.313498792,2.313498792,5.179546817,0.001376301,0.040733027,-0.606289972,FANCL
ENSG00000115514,2.331918568,2.331918568,5.448717899,0.001033645,0.037187928,-0.315997036,TXNDC9
ENSG00000115540,2.85458256,2.85458256,6.081473131,0.000546715,0.032027897,0.323817689,MOB4
ENSG00000115541,2.598898162,2.598898162,5.760453652,0.000750644,0.034940166,0.006504938,HSPE1
ENSG00000115594,-3.627655543,-3.627655543,-5.17067548,0.001389578,0.040915341,-0.616048127,IL1R1
ENSG00000115866,2.555749945,2.555749945,4.729314667,0.002271227,0.047407147,-1.11722954,DARS
ENSG00000115956,-4.869723441,-4.869723441,-8.395519563,0.00017918,0.02454771,1.401824464,PLEK
ENSG00000116127,-2.778342266,-2.778342266,-5.961903428,0.000614353,0.033232934,0.207342521,ALMS1
ENSG00000116299,-2.026163281,-2.026163281,-4.726305445,0.002279063,0.047407147,-1.120753426,KIAA1324
ENSG00000116701,-3.178413047,-3.178413047,-4.975199399,0.001721606,0.043732871,-0.834200391,NCF2
ENSG00000117090,-3.222766582,-3.222766582,-4.964213343,0.002743377,0.049643171,-1.109450574,SLAMF1
ENSG00000117133,2.479010159,2.479010159,5.098933367,0.001502346,0.04198946,-0.69541421,RPF1
ENSG00000117632,2.610316446,2.610316446,5.867485178,0.000674432,0.033749705,0.113937453,STMN1
ENSG00000118363,2.399462889,2.399462889,4.630668941,0.002544404,0.048868139,-1.233507516,SPCS2
ENSG00000118407,-3.392557751,-3.392557751,-6.559618983,0.00034851,0.029935136,0.770024467,FILIP1
ENSG00000118946,-6.085867176,-6.085867176,-8.440104415,0.00017408,0.02454771,1.425916904,PCDH17
ENSG00000118971,-4.179048256,-4.179048256,-7.278360958,0.000185266,0.02454771,1.385701328,CCND2
ENSG00000119048,2.59914442,2.59914442,5.037791911,0.001606536,0.042706426,-0.763691249,UBE2B
ENSG00000119326,2.519340884,2.519340884,4.885588222,0.001902643,0.04541416,-0.936228716,CTNNAL1
ENSG00000119333,2.010570783,2.010570783,4.590269466,0.002666634,0.049511159,-1.281581901,WDR34
ENSG00000119608,-2.692231869,-2.692231869,-6.204950319,0.000485514,0.031193978,0.442008625,PROX2
ENSG00000119725,-3.230913191,-3.230913191,-6.105930366,0.000533935,0.031844892,0.347395394,ZNF410
ENSG00000120156,-3.516963526,-3.516963526,-5.828916786,0.000700847,0.033749705,0.075415486,TEK
ENSG00000120329,-3.756133208,-3.756133208,-5.139551454,0.002315409,0.047531109,-0.942773133,SLC25A2
ENSG00000120437,2.266267622,2.266267622,5.239143004,0.001290696,0.040132033,-0.541053984,ACAT2
ENSG00000120457,-4.339592652,-4.339592652,-5.999702503,0.001064194,0.037375023,-0.19321944,KCNJ5
ENSG00000120533,2.516940516,2.516940516,5.449521611,0.001032776,0.037187928,-0.315146866,ENY2
ENSG00000120697,2.472438022,2.472438022,4.843069417,0.00199587,0.045969759,-0.985087461,ALG5
ENSG00000121207,3.697118216,3.697118216,5.739976302,0.0007663,0.035283891,-0.014238676,LRAT
ENSG00000121211,2.469836975,2.469836975,5.38972074,0.001099691,0.038087773,-0.378672483,MND1
ENSG00000121350,2.502313723,2.502313723,5.066059778,0.001557397,0.042477779,-0.732051138,PYROXD1
ENSG00000121380,-3.899875319,-3.899875319,-8.981323909,4.97E-05,0.019406976,2.618427585,BCL2L14
ENSG00000121413,-2.747764014,-2.747764014,-4.961837154,0.001747342,0.043996524,-0.849333131,ZSCAN18
ENSG00000121807,-5.608823312,-5.608823312,-6.420323603,0.001534449,0.04239733,-0.59555976,CCR2
ENSG00000122122,-5.798048232,-5.798048232,-6.636926115,0.001325245,0.040443498,-0.485509974,SASH3
ENSG00000122565,2.691989711,2.691989711,6.291786292,0.000447087,0.030923789,0.523875242,CBX3
ENSG00000122643,3.337209959,3.337209959,7.362782313,0.000172577,0.02454771,1.453966186,NT5C3A
ENSG00000122861,-6.547725391,-6.547725391,-6.434451555,0.000391155,0.030215461,0.656171375,PLAU
ENSG00000123104,-2.509035018,-2.509035018,-4.541530765,0.002822829,0.049819162,-1.339931281,ITPR2
ENSG00000123329,-3.067598382,-3.067598382,-5.26530256,0.002055217,0.046486577,-0.826235575,ARHGAP9
ENSG00000123496,3.03348057,3.03348057,5.191129283,0.002204391,0.047407147,-0.894674152,IL13RA2
ENSG00000123500,-6.392546906,-6.392546906,-6.603396928,0.000647464,0.033627876,0.271018698,COL10A1
ENSG00000123908,-2.53525043,-2.53525043,-4.744866699,0.002231206,0.047407147,-1.099040904,AGO2
ENSG00000124251,-2.488386901,-2.488386901,-4.691904604,0.0023708,0.047978436,-1.16114154,TP53TG5
ENSG00000124491,-6.213710341,-6.213710341,-12.93167209,4.65E-06,0.009039112,4.601075147,F13A1
ENSG00000124575,-7.317262491,-7.317262491,-8.675323372,0.000149805,0.023246427,1.550184649,HIST1H1D
ENSG00000124802,4.058315589,4.058315589,7.146907001,0.000426515,0.030694428,0.650274868,EEF1E1
ENSG00000124882,2.852570113,2.852570113,4.719922385,0.002295783,0.047407147,-1.128233007,EREG
ENSG00000125148,2.312552138,2.312552138,4.676387815,0.002413513,0.048136719,-1.17942141,MT2A
ENSG00000125245,-6.109453736,-6.109453736,-10.63377401,4.86E-05,0.019406976,2.423162424,GPR18
ENSG00000125656,2.21810519,2.21810519,4.987809929,0.001697704,0.04355245,-0.819944964,CLPP
ENSG00000125810,-7.953878854,-7.953878854,-13.29135188,1.38E-05,0.015200351,3.260962575,CD93
ENSG00000125868,2.067944368,2.067944368,4.790428251,0.002118394,0.047048515,-1.045979133,DSTN
ENSG00000126070,-2.135303526,-2.135303526,-4.918202405,0.001834411,0.04479462,-0.898947219,AGO3
ENSG00000126432,2.154256013,2.154256013,4.741337182,0.00224022,0.047407147,-1.103165379,PRDX5
ENSG00000127184,2.742862841,2.742862841,6.411834054,0.000399472,0.030215461,0.635378673,COX7C
ENSG00000127241,-5.853935809,-5.853935809,-6.700899663,0.001270063,0.039879185,-0.454009711,MASP1
ENSG00000127311,-2.893154888,-2.893154888,-6.401689736,0.000403266,0.030215461,0.626030787,HELB
ENSG00000127337,3.063692356,3.063692356,6.217253646,0.00047985,0.031193978,0.4536703,YEATS4
ENSG00000127603,-2.447031049,-2.447031049,-5.200060908,0.001346139,0.040530106,-0.583772195,MACF1
ENSG00000127920,3.959887825,3.959887825,7.793310069,0.00012138,0.022929945,1.789724444,GNG11
ENSG00000127922,2.560997308,2.560997308,5.633836128,0.000853546,0.035701479,-0.122744736,SEM1
ENSG00000127928,3.472646304,3.472646304,6.159802491,0.000929406,0.036236858,-0.065424127,GNGT1
ENSG00000128052,-5.021192422,-5.021192422,-9.318209161,3.93E-05,0.019406976,2.82997965,KDR
ENSG00000128228,1.963931977,1.963931977,4.551981025,0.002788504,0.049730186,-1.327387967,SDF2L1
ENSG00000128422,-5.023860811,-5.023860811,-5.750727087,0.002480051,0.048437843,-0.97160522,KRT17
ENSG00000128567,-4.092532945,-4.092532945,-7.508628834,0.000152902,0.023246427,1.56999658,PODXL
ENSG00000128594,-4.198044276,-4.198044276,-7.290478275,0.000183381,0.02454771,1.395549916,LRRC4
ENSG00000128609,2.450627884,2.450627884,5.431392429,0.001052569,0.037247195,-0.334347821,NDUFA5
ENSG00000128708,2.555034764,2.555034764,5.688288319,0.000807472,0.035595909,-0.066871699,HAT1
ENSG00000128815,-6.686825823,-6.686825823,-7.654294541,0.00069963,0.033749705,-0.033604515,WDFY4
ENSG00000128917,-4.328851343,-4.328851343,-10.02724135,2.45E-05,0.016878747,3.24531244,DLL4
ENSG00000128951,2.3896491,2.3896491,5.535928306,0.000943986,0.036236858,-0.224314532,DUT
ENSG00000129467,-3.645045895,-3.645045895,-5.446042808,0.001036542,0.037187928,-0.318827466,ADCY4
ENSG00000130176,-5.246483248,-5.246483248,-7.25352382,0.000394186,0.030215461,0.720693555,CNN1
ENSG00000130332,2.481926817,2.481926817,4.943084229,0.001784186,0.044302782,-0.870618671,LSM7
ENSG00000130508,-4.539941843,-4.539941843,-5.869333033,0.000673195,0.033749705,0.11577771,PXDN
ENSG00000130513,2.452952985,2.452952985,4.717850542,0.002301239,0.047407147,-1.130662174,GDF15
ENSG00000130635,-3.614046039,-3.614046039,-5.148610936,0.001423222,0.041183387,-0.640371644,COL5A1
ENSG00000130748,2.619480831,2.619480831,5.10079364,0.001499296,0.04198946,-0.693346056,TMEM160
ENSG00000131018,-2.708419173,-2.708419173,-5.942583631,0.000626141,0.033261048,0.188333434,SYNE1
ENSG00000131471,-2.734490908,-2.734490908,-5.093380798,0.00151149,0.042011862,-0.7015905,AOC3
ENSG00000131495,1.971906863,1.971906863,4.555758784,0.00277621,0.049730186,-1.322857923,NDUFA2
ENSG00000131634,-4.358056226,-4.358056226,-7.239475185,0.000191463,0.025033335,1.353981572,TMEM204
ENSG00000131730,-4.872387932,-4.872387932,-7.686633356,0.00013224,0.022929945,1.708415107,CKMT2
ENSG00000131914,-3.69094776,-3.69094776,-7.214415196,0.00019558,0.025198506,1.333446766,LIN28A
ENSG00000132432,3.805737911,3.805737911,8.933711784,5.14E-05,0.019406976,2.587745427,SEC61G
ENSG00000132549,-2.233638289,-2.233638289,-4.768687188,0.002171415,0.047407147,-1.071257509,VPS13B
ENSG00000132646,2.417873093,2.417873093,4.71835587,0.002299907,0.047407147,-1.13006963,PCNA
ENSG00000132963,2.122896031,2.122896031,4.776785035,0.002151496,0.047332437,-1.061833247,POMP
ENSG00000133216,-3.126444043,-3.126444043,-5.537941247,0.001597863,0.042706426,-0.581950752,EPHB2
ENSG00000133265,3.09423484,3.09423484,5.255762544,0.001267895,0.039879185,-0.522960025,HSPBP1
ENSG00000133398,2.074531833,2.074531833,4.730224965,0.002268863,0.047407147,-1.116163841,MED10
ENSG00000133401,-3.618545778,-3.618545778,-6.743812701,0.000294948,0.02855,0.933887448,PDZD2
ENSG00000133561,-6.698512558,-6.698512558,-7.667672147,0.000694124,0.033749705,-0.028306061,GIMAP6
ENSG00000133639,2.277688537,2.277688537,4.670971499,0.002428623,0.048159423,-1.185811362,BTG1
ENSG00000133958,-3.45494343,-3.45494343,-5.834344055,0.00122753,0.039417095,-0.328923066,UNC79
ENSG00000133983,2.170690299,2.170690299,5.095256155,0.001508395,0.042011862,-0.699503942,COX16
ENSG00000134049,3.979136805,3.979136805,9.152340793,4.40E-05,0.019406976,2.72701957,IER3IP1
ENSG00000134056,2.480494439,2.480494439,5.521910093,0.000957792,0.036236858,-0.238974327,MRPS36
ENSG00000134057,2.496660736,2.496660736,5.44323158,0.001039596,0.037189411,-0.321803107,CCNB1
ENSG00000134108,2.263182647,2.263182647,4.77259895,0.002161768,0.047407147,-1.06670369,ARL8B
ENSG00000134245,-2.771409316,-2.771409316,-5.403528069,0.001083821,0.037740205,-0.363956836,WNT2B
ENSG00000134294,2.350877239,2.350877239,4.691399988,0.002372176,0.047978436,-1.161735402,SLC38A2
ENSG00000134375,2.27791596,2.27791596,5.28001572,0.001235423,0.039465838,-0.496631912,TIMM17A
ENSG00000134516,-4.049362153,-4.049362153,-7.647738988,0.00013647,0.022929945,1.678465593,DOCK2
ENSG00000134758,3.141630625,3.141630625,6.395635201,0.000405551,0.030215461,0.620445082,RNF138
ENSG00000134970,3.559413499,3.559413499,6.399367402,0.000404141,0.030215461,0.623888857,TMED7
ENSG00000135094,-3.877967748,-3.877967748,-6.242778082,0.000867329,0.035701479,-0.000548879,SDS
ENSG00000135211,2.522400139,2.522400139,5.779301396,0.00073655,0.034562877,0.025543738,TMEM60
ENSG00000135317,2.171473059,2.171473059,4.770521007,0.002166887,0.047407147,-1.069122389,SNX14
ENSG00000135423,-2.337582897,-2.337582897,-4.931874824,0.001806621,0.044629656,-0.883368642,GLS2
ENSG00000135436,-2.479084903,-2.479084903,-5.349061261,0.001147952,0.038672981,-0.422175882,FAM186B
ENSG00000135698,2.275549434,2.275549434,5.178357169,0.001378073,0.040733027,-0.60759783,MPHOSPH6
ENSG00000135976,-3.216941652,-3.216941652,-5.214508869,0.001325339,0.040443498,-0.567952372,ANKRD36
ENSG00000136156,2.171376318,2.171376318,5.022550995,0.001633745,0.043041345,-0.780802702,ITM2B
ENSG00000136250,-6.112436855,-6.112436855,-9.165862338,0.000110753,0.022929945,1.794710007,AOAH
ENSG00000136261,2.056051704,2.056051704,4.543098513,0.00281765,0.04979793,-1.338048406,BZW2
ENSG00000136367,-2.838631719,-2.838631719,-4.685155115,0.002389275,0.048074116,-1.169088139,ZFHX2
ENSG00000136521,2.335957809,2.335957809,5.219282295,0.001318546,0.040443498,-0.562732835,NDUFB5
ENSG00000136522,2.140192517,2.140192517,4.951380909,0.00176778,0.044062965,-0.861194612,MRPL47
ENSG00000136810,2.522659409,2.522659409,5.88884007,0.000660288,0.033749705,0.135174657,TXN
ENSG00000136938,2.7391911,2.7391911,5.181157296,0.001373906,0.040733027,-0.604519819,ANP32B
ENSG00000136982,2.700778317,2.700778317,5.840365408,0.000692887,0.033749705,0.086872695,DSCC1
ENSG00000137491,-5.763072746,-5.763072746,-6.126607807,0.00095566,0.036236858,-0.091635326,SLCO2B1
ENSG00000137563,2.559316639,2.559316639,5.690985689,0.000805263,0.035595909,-0.064115313,GGH
ENSG00000137573,-2.430797567,-2.430797567,-5.194388845,0.001354405,0.040649567,-0.589991711,SULF1
ENSG00000137672,-3.760255582,-3.760255582,-7.869680329,0.000114225,0.022929945,1.847192463,TRPC6
ENSG00000137692,2.873008827,2.873008827,6.293966019,0.000446167,0.030923789,0.525917071,DCUN1D5
ENSG00000137809,-4.103321229,-4.103321229,-4.756733223,0.002201195,0.047407147,-1.085188788,ITGA11
ENSG00000137818,2.192984892,2.192984892,4.693721003,0.002365855,0.047975424,-1.159004235,RPLP1
ENSG00000137876,2.222860248,2.222860248,5.228661701,0.001305311,0.040264346,-0.552487164,RSL24D1
ENSG00000137944,3.456474745,3.456474745,5.907044701,0.001152412,0.038672981,-0.268788956,KYAT3
ENSG00000138336,-2.982560889,-2.982560889,-5.863084025,0.000677389,0.033749705,0.10955242,TET1
ENSG00000138378,-2.838631719,-2.838631719,-4.595779016,0.002649588,0.049473012,-1.275010123,STAT4
ENSG00000138411,-4.750000852,-4.750000852,-6.052487077,0.000562308,0.032538536,0.295766072,HECW2
ENSG00000138668,2.131141954,2.131141954,5.022238432,0.001634308,0.043041345,-0.78115401,HNRNPD
ENSG00000138670,-3.097602988,-3.097602988,-6.442886784,0.000388103,0.030215461,0.663908723,RASGEF1B
ENSG00000138759,-3.381044112,-3.381044112,-5.011612118,0.001653589,0.043133899,-0.793106763,FRAS1
ENSG00000138944,-3.851112171,-3.851112171,-6.013897092,0.00058385,0.032677455,0.258237583,SHISAL1
ENSG00000138964,-4.969160148,-4.969160148,-5.688112178,0.002599748,0.049327323,-1.009756132,PARVG
ENSG00000139547,-2.145530517,-2.145530517,-4.626140408,0.002557791,0.048931418,-1.238883224,RDH16
ENSG00000139726,2.104712864,2.104712864,4.866694104,0.001943459,0.045579675,-0.957904421,DENR
ENSG00000140022,-3.504977668,-3.504977668,-4.683136576,0.002394832,0.048087626,-1.171466119,STON2
ENSG00000140368,-2.906103821,-2.906103821,-5.065285742,0.002486646,0.048485434,-1.012769925,PSTPIP1
ENSG00000140563,-2.817079442,-2.817079442,-5.661891211,0.00082945,0.035701479,-0.093902924,MCTP2
ENSG00000140836,-2.146745745,-2.146745745,-4.806662791,0.002079739,0.046614608,-1.027152724,ZFHX3
ENSG00000140873,-6.139338028,-6.139338028,-7.027594677,0.001027409,0.037187928,-0.299932508,ADAMTS18
ENSG00000140905,3.145125504,3.145125504,6.018440913,0.000581266,0.032677455,0.262667279,GCSH
ENSG00000140945,-3.304611548,-3.304611548,-5.259336049,0.001263051,0.039817019,-0.519075081,CDH13
ENSG00000140968,-3.254120571,-3.254120571,-6.317248508,0.000436477,0.030793223,0.547686642,IRF8
ENSG00000141552,2.207322763,2.207322763,4.793886288,0.002110094,0.047043386,-1.041965467,ANAPC11
ENSG00000141579,-5.04282047,-5.04282047,-8.656406922,0.000151605,0.023246427,1.540364523,ZNF750
ENSG00000141933,2.408372323,2.408372323,4.866259633,0.001944409,0.045579675,-0.958403526,TPGS1
ENSG00000141968,-3.148270686,-3.148270686,-4.996644761,0.001681179,0.043368456,-0.809972756,VAV1
ENSG00000142149,-3.230452781,-3.230452781,-6.489760293,0.000371626,0.030215461,0.706733469,HUNK
ENSG00000142408,-2.269936292,-2.269936292,-4.839968389,0.002002865,0.045971269,-0.988662201,CACNG8
ENSG00000142512,-3.125899287,-3.125899287,-6.016007951,0.000582648,0.032677455,0.260295785,SIGLEC10
ENSG00000142684,2.215912238,2.215912238,4.825344767,0.002036222,0.04624875,-1.005540485,ZNF593
ENSG00000142765,-3.624520456,-3.624520456,-6.412921771,0.000754363,0.034994852,0.129651347,SYTL1
ENSG00000143119,-5.274775012,-5.274775012,-7.914026473,0.000246895,0.026904681,1.130174044,CD53
ENSG00000143196,-5.015247832,-5.015247832,-5.550791598,0.001579368,0.042606605,-0.570713924,DPT
ENSG00000143228,2.654040406,2.654040406,5.877713454,0.000667615,0.033749705,0.124117522,NUF2
ENSG00000143256,2.672990127,2.672990127,5.840184169,0.000693012,0.033749705,0.086691467,PFDN2
ENSG00000143353,2.962156602,2.962156602,5.754944963,0.00075482,0.034994852,0.000930637,LYPLAL1
ENSG00000143365,-2.920996006,-2.920996006,-5.262318794,0.001259024,0.039783784,-0.515833895,RORC
ENSG00000143382,-2.66020897,-2.66020897,-5.402599208,0.001084881,0.037740205,-0.364945892,ADAMTSL4
ENSG00000143401,2.713392552,2.713392552,6.096434583,0.000538856,0.031974879,0.338250977,ANP32E
ENSG00000143552,-3.176918526,-3.176918526,-5.000690781,0.002647391,0.049473012,-1.074368437,NUP210L
ENSG00000143742,2.700755159,2.700755159,6.275024416,0.00045423,0.030923789,0.508152331,SRP9
ENSG00000143753,2.047494914,2.047494914,4.64456503,0.002503806,0.048590321,-1.217032513,DEGS1
ENSG00000143858,-4.226482692,-4.226482692,-6.727279371,0.000299356,0.02855,0.919355329,SYT2
ENSG00000143882,2.288650079,2.288650079,5.388452379,0.001101162,0.038087773,-0.380025741,ATP6V1C2
ENSG00000143933,2.712722743,2.712722743,5.846424928,0.000688715,0.033749705,0.092929109,CALM2
ENSG00000143947,2.133407667,2.133407667,4.982813476,0.00170713,0.043562033,-0.825590128,RPS27A
ENSG00000143971,2.643935046,2.643935046,6.07395714,0.000550711,0.032106441,0.316555257,ETAA1
ENSG00000144381,2.195723992,2.195723992,4.574045424,0.002717539,0.049643171,-1.300962429,HSPD1
ENSG00000144476,-4.120699275,-4.120699275,-6.083701043,0.000545536,0.032027897,0.325968927,ACKR3
ENSG00000144644,-2.490269089,-2.490269089,-5.054071959,0.001578029,0.042606605,-0.745453662,GADL1
ENSG00000145147,-3.034674979,-3.034674979,-5.145059911,0.001428721,0.041183387,-0.644293335,SLIT2
ENSG00000145198,-2.543078877,-2.543078877,-4.988040072,0.001697271,0.04355245,-0.819685036,VWA5B2
ENSG00000145247,2.184057228,2.184057228,4.986846624,0.001699517,0.04355245,-0.821033031,OCIAD2
ENSG00000145335,2.320076444,2.320076444,5.417642593,0.001067863,0.03744746,-0.348943808,SNCA
ENSG00000145375,-3.262585622,-3.262585622,-5.161135301,0.001404015,0.041128093,-0.626555696,SPATA5
ENSG00000145494,2.219604866,2.219604866,5.102074212,0.001497201,0.04198946,-0.691922699,NDUFS6
ENSG00000145692,-3.161520747,-3.161520747,-5.143895362,0.002305817,0.047459535,-0.938706024,BHMT
ENSG00000145741,2.272467977,2.272467977,5.107836428,0.001487812,0.04198946,-0.685521178,BTF3
ENSG00000145824,2.969008129,2.969008129,5.062975229,0.001562677,0.04252135,-0.735497536,CXCL14
ENSG00000146006,-3.925557863,-3.925557863,-4.901419886,0.001869176,0.045123373,-0.918110233,LRRTM2
ENSG00000146192,-5.897382079,-5.897382079,-9.457710282,3.57E-05,0.018613838,2.914817773,FGD2
ENSG00000146247,-3.264786628,-3.264786628,-5.844833221,0.000689808,0.033749705,0.09133873,PHIP
ENSG00000146386,2.640670335,2.640670335,5.801080881,0.000720633,0.034156813,0.047479684,ABRACL
ENSG00000146410,3.467605424,3.467605424,4.975946667,0.001720179,0.043732871,-0.833354946,MTFR2
ENSG00000146648,-4.142528488,-4.142528488,-5.550076187,0.001580391,0.042606605,-0.57133886,EGFR
ENSG00000146938,-2.096230952,-2.096230952,-4.747323713,0.002224955,0.047407147,-1.096170904,NLGN4X
ENSG00000147113,-6.439428825,-6.439428825,-8.000000687,0.000232879,0.026758941,1.180261779,CXorf36
ENSG00000147421,-2.280500191,-2.280500191,-5.347830403,0.00114945,0.038672981,-0.423496778,HMBOX1
ENSG00000147586,2.229721205,2.229721205,5.234922962,0.001296558,0.040140576,-0.545655227,MRPS28
ENSG00000148120,-2.58443558,-2.58443558,-5.037020784,0.001607901,0.042706426,-0.764556136,C9orf3
ENSG00000148362,2.593928554,2.593928554,5.232614411,0.001299778,0.040146771,-0.54817348,PAXX
ENSG00000149313,1.997777958,1.997777958,4.579321611,0.002700867,0.049643171,-1.294655053,AASDHPPT
ENSG00000149418,-5.924190627,-5.924190627,-10.45906191,5.33E-05,0.019406976,2.355624437,ST14
ENSG00000149564,-4.731286227,-4.731286227,-5.861253383,0.000678623,0.033749705,0.107727663,ESAM
ENSG00000149571,-2.744249842,-2.744249842,-5.582238292,0.000899936,0.035752145,-0.176094298,KIRREL3
ENSG00000149596,-3.29303795,-3.29303795,-5.157322283,0.002276454,0.047407147,-0.926153541,JPH2
ENSG00000150551,2.146866903,2.146866903,4.862533528,0.001952577,0.045579675,-0.962685183,LYPD1
ENSG00000150636,-3.775427135,-3.775427135,-7.91993387,0.000109777,0.022929945,1.884674618,CCDC102B
ENSG00000150938,-2.261161062,-2.261161062,-5.299716211,0.001209729,0.039207852,-0.475312847,CRIM1
ENSG00000151067,-4.553989074,-4.553989074,-5.55643334,0.000924191,0.036236858,-0.202924107,CACNA1C
ENSG00000151239,2.520901515,2.520901515,5.250357902,0.00127526,0.039971852,-0.528839449,TWF1
ENSG00000151276,-2.514056144,-2.514056144,-5.451852977,0.001030261,0.037187928,-0.312681289,MAGI1
ENSG00000151702,-3.285704863,-3.285704863,-5.457018157,0.001024714,0.037187928,-0.307221697,FLI1
ENSG00000151725,3.30325948,3.30325948,5.364878322,0.001128902,0.038514083,-0.405222448,CENPU
ENSG00000151881,2.091750187,2.091750187,4.917649986,0.001835544,0.04479462,-0.899577281,TMEM267
ENSG00000152104,-3.33668903,-3.33668903,-6.920252546,0.000252199,0.02696718,1.086846375,PTPN14
ENSG00000152213,-3.825992021,-3.825992021,-6.201882732,0.000897308,0.035708585,-0.032408844,ARL11
ENSG00000152348,3.575446709,3.575446709,7.584638039,0.000143663,0.022946692,1.629526783,ATG10
ENSG00000152689,-3.369779195,-3.369779195,-4.5612553,0.002758429,0.049643171,-1.316270983,RASGRP3
ENSG00000152795,2.030092029,2.030092029,4.610057192,0.002605972,0.049327323,-1.258002007,HNRNPDL
ENSG00000152818,-2.179528163,-2.179528163,-4.852353596,0.001975088,0.045829898,-0.974394243,UTRN
ENSG00000152942,2.106022745,2.106022745,4.743239181,0.002235357,0.047407147,-1.100942518,RAD17
ENSG00000153044,3.344179385,3.344179385,7.349819845,0.00017446,0.02454771,1.443537444,CENPH
ENSG00000153130,3.278264276,3.278264276,7.293824429,0.000182865,0.02454771,1.398266589,SCOC
ENSG00000153823,-3.809781281,-3.809781281,-6.352474507,0.000792439,0.03552773,0.083825278,PID1
ENSG00000154027,-4.618473271,-4.618473271,-6.286771735,0.000836357,0.035701479,0.033478359,AK5
ENSG00000154133,-4.170238689,-4.170238689,-7.080446406,0.000219363,0.026364727,1.222419778,ROBO4
ENSG00000154319,-5.43889831,-5.43889831,-6.225813376,0.001756465,0.043996524,-0.699029942,FAM167A
ENSG00000154518,2.785595991,2.785595991,6.230990185,0.000473614,0.031193978,0.466666014,ATP5MC3
ENSG00000154736,-4.264183777,-4.264183777,-6.137386379,0.000517988,0.031539107,0.37759812,ADAMTS5
ENSG00000154783,-5.138401865,-5.138401865,-8.351369257,7.87E-05,0.021583026,2.195912963,FGD5
ENSG00000155329,2.58197953,2.58197953,5.944697122,0.000624839,0.033261048,0.190415517,ZCCHC10
ENSG00000155465,-2.958238302,-2.958238302,-5.861565699,0.000678412,0.033749705,0.108039009,SLC7A7
ENSG00000155629,-3.771145876,-3.771145876,-6.658499296,0.000619869,0.033232934,0.311071418,PIK3AP1
ENSG00000155657,-3.035752366,-3.035752366,-5.889382541,0.000659933,0.033749705,0.135713286,TTN
ENSG00000155714,-3.03351077,-3.03351077,-4.941898336,0.002804048,0.049730186,-1.131018192,PDZD9
ENSG00000155744,-2.28782459,-2.28782459,-5.079712531,0.001534265,0.04239733,-0.716814781,FAM126B
ENSG00000155886,-5.098267989,-5.098267989,-5.835899704,0.002327524,0.047612153,-0.920567906,SLC24A2
ENSG00000155926,-7.345788906,-7.345788906,-8.408598252,0.000456166,0.030923789,0.242639297,SLA
ENSG00000155959,2.865930551,2.865930551,5.887741635,0.000661007,0.033749705,0.134083871,VBP1
ENSG00000156136,2.935224929,2.935224929,6.346387353,0.000424681,0.030694428,0.574829293,DCK
ENSG00000156574,-3.068705434,-3.068705434,-5.453778782,0.001725311,0.043732871,-0.656156234,NODAL
ENSG00000157017,-3.663920922,-3.663920922,-6.512895295,0.000695915,0.033749705,0.204418873,GHRL
ENSG00000157103,-4.069308462,-4.069308462,-5.096937177,0.00241196,0.048136719,-0.98283058,SLC6A1
ENSG00000157423,-2.096230952,-2.096230952,-4.777905462,0.002148756,0.047330241,-1.060530127,HYDIN
ENSG00000157551,-5.608823311,-5.608823311,-6.420323602,0.001534449,0.04239733,-0.595559761,KCNJ15
ENSG00000157554,-5.057163627,-5.057163627,-7.757767691,0.000274951,0.028083088,1.037305215,ERG
ENSG00000157680,-3.607920752,-3.607920752,-5.738933896,0.000767107,0.035283891,-0.015296273,DGKI
ENSG00000158164,3.699188158,3.699188158,6.577814375,0.000660754,0.033749705,0.252295964,TMSB15A
ENSG00000158869,-4.121586269,-4.121586269,-5.321350645,0.001182198,0.03893908,-0.451969843,FCER1G
ENSG00000159335,2.046691583,2.046691583,4.781274057,0.002140542,0.047296244,-1.056613473,PTMS
ENSG00000159905,-3.421620684,-3.421620684,-6.441537422,0.000388589,0.030215461,0.662671631,ZNF221
ENSG00000160179,-3.780576566,-3.780576566,-5.812859468,0.000712185,0.033963504,0.059314226,ABCG1
ENSG00000160219,-3.305935376,-3.305935376,-7.642318029,0.000137072,0.022929945,1.674278325,GAB3
ENSG00000160256,2.022015348,2.022015348,4.704399349,0.002337015,0.047680823,-1.146450087,FAM207A
ENSG00000160791,-4.957509223,-4.957509223,-8.236158129,0.000198879,0.025205781,1.314268897,CCR5
ENSG00000160883,-4.109892116,-4.109892116,-6.267029308,0.000457682,0.030936654,0.500639396,HK3
ENSG00000161381,-3.855354842,-3.855354842,-5.998859142,0.000592494,0.032741596,0.243556604,PLXDC1
ENSG00000161677,2.46723538,2.46723538,5.285139938,0.001228682,0.039417095,-0.491080931,JOSD2
ENSG00000161929,-3.372546723,-3.372546723,-4.943059674,0.002800853,0.049730186,-1.129893757,SCIMP
ENSG00000161940,-5.489648109,-5.489648109,-5.008254826,0.001659734,0.043169613,-0.796886847,BCL6B
ENSG00000161960,-2.109006536,-2.109006536,-4.807876009,0.002076881,0.046614608,-1.025747513,EIF4A1
ENSG00000162191,2.266988996,2.266988996,5.021701772,0.001635276,0.043041345,-0.781757231,UBXN1
ENSG00000162493,-5.476120137,-5.476120137,-6.26842056,0.001704737,0.043562033,-0.675977665,PDPN
ENSG00000162511,-3.302424399,-3.302424399,-6.564972309,0.000346806,0.029935136,0.774848329,LAPTM5
ENSG00000162607,2.487593364,2.487593364,5.219823422,0.001317778,0.040443498,-0.562141359,USP1
ENSG00000162630,-2.284072595,-2.284072595,-4.686195706,0.002386417,0.048074116,-1.167862506,B3GALT2
ENSG00000162669,3.095241732,3.095241732,4.944620115,0.002796567,0.049730186,-1.128383246,HFM1
ENSG00000162704,2.402515705,2.402515705,5.438050907,0.00104525,0.03722627,-0.327289909,ARPC5
ENSG00000162775,-3.150350272,-3.150350272,-6.739006823,0.000296222,0.02855,0.929666829,RBM15
ENSG00000162777,-3.695581124,-3.695581124,-4.921838845,0.001826974,0.044753183,-0.894800893,DENND2D
ENSG00000162849,-3.145560298,-3.145560298,-5.84103607,0.000692424,0.033749705,0.087543273,KIF26B
ENSG00000162924,-3.186578095,-3.186578095,-6.079353197,0.000547838,0.032027897,0.321770071,REL
ENSG00000162931,-2.579036462,-2.579036462,-5.212610004,0.001328052,0.040443498,-0.570029686,TRIM17
ENSG00000162961,2.147707043,2.147707043,5.055882067,0.001574894,0.042606605,-0.743428487,DPY30
ENSG00000162975,3.177118849,3.177118849,5.400570257,0.001811876,0.044664855,-0.703620866,KCNF1
ENSG00000163046,-6.804955526,-6.804955526,-8.633418332,6.38E-05,0.020518997,2.389588386,ANKRD30BL
ENSG00000163154,-4.638237453,-4.638237453,-8.214328684,0.000201769,0.025297013,1.302097584,TNFAIP8L2
ENSG00000163322,2.062256409,2.062256409,4.680629237,0.002401753,0.048087626,-1.174420857,ABRAXAS1
ENSG00000163535,2.247497586,2.247497586,5.143366334,0.001431352,0.041183387,-0.646164386,SGO2
ENSG00000163584,2.028580383,2.028580383,4.581716133,0.002693339,0.049643171,-1.291794028,RPL22L1
ENSG00000163625,-2.340096128,-2.340096128,-5.126165661,0.001458381,0.041627239,-0.665193012,WDFY3
ENSG00000164032,2.377642178,2.377642178,5.599577475,0.000884039,0.035708585,-0.158122287,H2AFZ
ENSG00000164035,-3.337882574,-3.337882574,-5.553486317,0.00157552,0.042606605,-0.568360677,EMCN
ENSG00000164061,-2.42862985,-2.42862985,-5.299519299,0.001209983,0.039207852,-0.47552564,BSN
ENSG00000164104,2.243178252,2.243178252,5.263065462,0.001258018,0.039783784,-0.515022748,HMGB2
ENSG00000164283,-4.080595987,-4.080595987,-6.304497681,0.000824238,0.035701479,0.047116867,ESM1
ENSG00000164332,2.33969024,2.33969024,4.761741935,0.002188663,0.047407147,-1.079348783,UBLCP1
ENSG00000164406,-2.241718346,-2.241718346,-4.610066125,0.002605945,0.049327323,-1.257991376,LEAP2
ENSG00000164587,2.0979986,2.0979986,4.764659086,0.0021814,0.047407147,-1.075949335,RPS14
ENSG00000164603,2.483347716,2.483347716,5.547972124,0.000932302,0.036236858,-0.211743039,BMT2
ENSG00000164615,2.566084699,2.566084699,5.433162584,0.001050618,0.037234653,-0.33247082,CAMLG
ENSG00000164687,2.080747085,2.080747085,4.659225613,0.002461752,0.048320589,-1.199684962,FABP5
ENSG00000164691,-3.5005567,-3.5005567,-6.21826537,0.000885158,0.035708585,-0.019619158,TAGAP
ENSG00000164946,-3.022920817,-3.022920817,-5.588340359,0.000894305,0.035708585,-0.169764415,FREM1
ENSG00000165025,-6.015247832,-6.015247832,-9.84741398,7.45E-05,0.021394889,2.104378436,SYK
ENSG00000165029,-2.534090131,-2.534090131,-4.54008741,0.002827606,0.049841104,-1.341665112,ABCA1
ENSG00000165168,-4.262362933,-4.262362933,-8.586993764,6.60E-05,0.020518997,2.358222884,CYBB
ENSG00000165169,2.746123118,2.746123118,5.342489665,0.001155972,0.038672981,-0.429230885,DYNLT3
ENSG00000165264,3.272645642,3.272645642,7.613654705,0.000140303,0.022929945,1.652085014,NDUFB6
ENSG00000165272,-3.125899288,-3.125899288,-4.787213966,0.002126141,0.047121972,-1.049711603,AQP3
ENSG00000165323,-4.263931634,-4.263931634,-6.114702079,0.000965283,0.036365738,-0.101072478,FAT3
ENSG00000165389,2.501736248,2.501736248,5.829799893,0.000700229,0.033749705,0.076299929,SPTSSA
ENSG00000165416,2.099573562,2.099573562,4.742820408,0.002236427,0.047407147,-1.101431887,SUGT1
ENSG00000165487,2.787374645,2.787374645,6.301099635,0.000443173,0.030923789,0.532594903,MICU2
ENSG00000165496,3.333664215,3.333664215,5.163196997,0.00226374,0.047407147,-0.920670375,RPL10L
ENSG00000165672,2.021998772,2.021998772,4.667090767,0.002439513,0.048186124,-1.190392606,PRDX3
ENSG00000165704,2.071228194,2.071228194,4.86261385,0.001952401,0.045579675,-0.962592862,HPRT1
ENSG00000165757,-6.413574191,-6.413574191,-5.854054865,0.000683501,0.033749705,0.100547613,JCAD
ENSG00000165810,-5.515648502,-5.515648502,-6.313668,0.001651769,0.043133899,-0.651736817,BTNL9
ENSG00000165916,2.275382226,2.275382226,4.692102945,0.002370259,0.047978436,-1.160908132,PSMC3
ENSG00000166260,2.569340675,2.569340675,6.026904227,0.000576487,0.032677455,0.270910285,COX11
ENSG00000166275,2.785141137,2.785141137,5.923416723,0.000638086,0.033444038,0.169422347,BORCS7
ENSG00000166323,-3.646525584,-3.646525584,-7.014292945,0.000232299,0.026758941,1.166808882,C11orf65
ENSG00000166681,2.175417334,2.175417334,4.842618351,0.001996885,0.045969759,-0.985607336,BEX3
ENSG00000166803,2.1033106,2.1033106,4.829769388,0.002026065,0.046236033,-1.000430062,PCLAF
ENSG00000166923,-5.001834504,-5.001834504,-5.725513952,0.002527449,0.048710836,-0.98690262,GREM1
ENSG00000167207,-4.263226579,-4.263226579,-5.919472555,0.001140106,0.0386591,-0.258583667,NOD2
ENSG00000167244,-6.991104967,-6.991104967,-6.311070889,0.000439025,0.030837527,0.541917569,IGF2
ENSG00000167553,2.010729457,2.010729457,4.725683368,0.002280686,0.047407147,-1.121482079,TUBA1C
ENSG00000167613,-7.345788906,-7.345788906,-8.408598252,0.000456166,0.030923789,0.242639297,LAIR1
ENSG00000167674,2.21597576,2.21597576,4.642475411,0.002509865,0.048590321,-1.219507941,HDGFL2
ENSG00000167772,2.723276557,2.723276557,5.200753083,0.001345135,0.040530106,-0.583013556,ANGPTL4
ENSG00000167775,2.64758981,2.64758981,5.070352079,0.001550083,0.042468049,-0.727257802,CD320
ENSG00000167863,2.167393665,2.167393665,5.071078678,0.001548849,0.042468049,-0.726446676,ATP5PD
ENSG00000167984,-3.372412467,-3.372412467,-7.87526159,0.000113721,0.022929945,1.851368306,NLRC3
ENSG00000168016,-2.480339898,-2.480339898,-4.6213029,0.002572179,0.049005885,-1.244629371,TRANK1
ENSG00000168032,-3.434205112,-3.434205112,-6.045449458,0.001023514,0.037187928,-0.156346946,ENTPD3
ENSG00000168061,2.460313925,2.460313925,4.610121278,0.002605778,0.049327323,-1.257925742,SAC3D1
ENSG00000168078,3.14521257,3.14521257,6.176300318,0.000498996,0.031193978,0.414772459,PBK
ENSG00000168255,-2.314876659,-2.314876659,-4.651597099,0.002483536,0.04846532,-1.208707284,POLR2J3
ENSG00000168275,2.237561155,2.237561155,5.145726393,0.001427687,0.041183387,-0.643557133,COA6
ENSG00000168288,2.064479795,2.064479795,4.790789719,0.002117524,0.047048515,-1.045559495,MMADHC
ENSG00000168298,-6.685629383,-6.685629383,-11.42995067,3.24E-05,0.018613838,2.709320705,HIST1H1E
ENSG00000168309,-4.000556699,-4.000556699,-7.005609774,0.000474193,0.031193978,0.554990975,FAM107A
ENSG00000168386,-4.168485986,-4.168485986,-9.545193693,3.37E-05,0.018613838,2.967220428,FILIP1L
ENSG00000168685,-4.355399323,-4.355399323,-5.000112356,0.001674741,0.04334625,-0.806062132,IL7R
ENSG00000168769,-2.244867127,-2.244867127,-5.201142177,0.00134457,0.040530106,-0.582587133,TET2
ENSG00000168918,-2.612708262,-2.612708262,-4.559414262,0.00276437,0.04966496,-1.318476709,INPP5D
ENSG00000169031,-3.006131832,-3.006131832,-6.200296437,0.000487676,0.031193978,0.437592059,COL4A3
ENSG00000169071,-3.457350433,-3.457350433,-7.070355869,0.000221282,0.026364727,1.213971175,ROR2
ENSG00000169083,-2.28770823,-2.28770823,-4.741635089,0.002239457,0.047407147,-1.102817177,AR
ENSG00000169116,-3.928220687,-3.928220687,-7.503781097,0.000153514,0.023246427,1.566178165,PARM1
ENSG00000169184,-3.27695683,-3.27695683,-7.301632899,0.000181666,0.02454771,1.404601111,MN1
ENSG00000169288,2.261485801,2.261485801,4.984151675,0.0017046,0.043562033,-0.824077797,MRPL1
ENSG00000169291,-4.579675314,-4.579675314,-7.676221942,0.000291048,0.02855,0.987881256,SHE
ENSG00000169402,5.344675507,5.344675507,6.117958152,0.001895951,0.045347258,-0.75837914,RSPH10B2
ENSG00000169508,-4.378657987,-4.378657987,-6.534577001,0.000356604,0.030215461,0.747409861,GPR183
ENSG00000169567,2.002823188,2.002823188,4.703044338,0.002340653,0.04769074,-1.148042106,HINT1
ENSG00000169946,-2.828113474,-2.828113474,-6.1692336,0.000502386,0.031193978,0.408037148,ZFPM2
ENSG00000170144,2.368111213,2.368111213,5.353602683,0.001142446,0.038667405,-0.417304261,HNRNPA3
ENSG00000170160,-3.896235761,-3.896235761,-5.959015382,0.0006161,0.033232934,0.20450429,CCDC144A
ENSG00000170270,2.470170222,2.470170222,5.41526735,0.00107053,0.037484622,-0.351468133,GON7
ENSG00000170312,3.053990084,3.053990084,6.698421089,0.000307229,0.028711464,0.893907378,CDK1
ENSG00000170382,-2.885935261,-2.885935261,-5.506524594,0.000973205,0.036569133,-0.255097973,LRRN2
ENSG00000170458,-5.085897095,-5.085897095,-6.988814543,0.00023751,0.026758941,1.145250524,CD14
ENSG00000170540,2.29940006,2.29940006,5.210611297,0.001330915,0.040465359,-0.572216829,ARL6IP1
ENSG00000170571,3.171698178,3.171698178,5.623107663,0.000862966,0.035701479,-0.133804856,EMB
ENSG00000170855,2.300476596,2.300476596,4.602148631,0.002630031,0.049460512,-1.267418585,TRIAP1
ENSG00000170881,2.205548478,2.205548478,4.82283725,0.002042004,0.046277487,-1.008438053,RNF139
ENSG00000170967,-5.006634853,-5.006634853,-5.731008829,0.002517029,0.048590321,-0.983561327,DDI1
ENSG00000170989,-4.66000114,-4.66000114,-6.922052722,0.000505276,0.031193978,0.497571149,S1PR1
ENSG00000171115,-6.345788906,-6.345788906,-7.263915446,0.000885869,0.035708585,-0.195197249,GIMAP8
ENSG00000171202,2.661707749,2.661707749,4.811009145,0.002069523,0.046614608,-1.022119648,TMEM126A
ENSG00000171204,2.517808703,2.517808703,5.930126311,0.000633876,0.033367895,0.176048332,TMEM126B
ENSG00000171217,-4.150684816,-4.150684816,-7.332868152,0.000371958,0.030215461,0.772290786,CLDN20
ENSG00000171222,2.370676286,2.370676286,4.863756362,0.001949892,0.045579675,-0.961279783,SCAND1
ENSG00000171262,2.10574369,2.10574369,4.707134092,0.002329691,0.047614727,-1.143237906,FAM98B
ENSG00000171522,-3.84971624,-3.84971624,-5.337888708,0.001161625,0.038672981,-0.434174231,PTGER4
ENSG00000171530,2.262273883,2.262273883,5.322405707,0.001180874,0.03893908,-0.4508333,TBCA
ENSG00000171790,-3.502607285,-3.502607285,-5.075073802,0.001542082,0.042468049,-0.721988271,SLFNL1
ENSG00000171819,-2.836314132,-2.836314132,-4.626343932,0.002557188,0.048931418,-1.238641554,ANGPTL7
ENSG00000172061,-9.856750825,-9.856750825,-11.28285319,0.000116674,0.022929945,0.977425404,LRRC15
ENSG00000172115,2.444838868,2.444838868,5.562703697,0.00091823,0.036236858,-0.196395568,CYCS
ENSG00000172201,2.579284204,2.579284204,5.296601667,0.001213751,0.039207852,-0.478679296,ID4
ENSG00000172215,-3.770660212,-3.770660212,-6.686192423,0.000606514,0.033123907,0.331060457,CXCR6
ENSG00000172239,2.716360204,2.716360204,4.755012129,0.00220552,0.047407147,-1.087196463,PAIP1
ENSG00000172366,2.491186011,2.491186011,5.18162056,0.001373218,0.040733027,-0.604010699,MCRIP2
ENSG00000172403,-5.792181712,-5.792181712,-7.838901796,0.00011705,0.022929945,1.824105677,SYNPO2
ENSG00000172586,2.660555217,2.660555217,5.244001375,0.001283983,0.040030436,-0.53576017,CHCHD1
ENSG00000172738,-2.502980799,-2.502980799,-4.806953581,0.002079053,0.046614608,-1.026815894,TMEM217
ENSG00000173068,-2.457702261,-2.457702261,-4.76746015,0.002174451,0.047407147,-1.072686453,BNC2
ENSG00000173200,-4.891157636,-4.891157636,-5.598824044,0.002782455,0.049730186,-1.065100365,PARP15
ENSG00000173207,2.489918824,2.489918824,4.744356108,0.002232507,0.047407147,-1.099637439,CKS1B
ENSG00000173214,-2.722471447,-2.722471447,-5.638200491,0.000849746,0.035701479,-0.118250336,MFSD4B
ENSG00000173258,-3.365964702,-3.365964702,-5.82862797,0.001233671,0.039463932,-0.33368278,ZNF483
ENSG00000173674,2.827138418,2.827138418,6.336328295,0.000428712,0.030694428,0.565472223,EIF1AX
ENSG00000173726,2.230558892,2.230558892,4.880343034,0.001913878,0.045496048,-0.942240378,TOMM20
ENSG00000173805,-3.428196153,-3.428196153,-6.042576353,0.000567754,0.032677455,0.286147896,HAP1
ENSG00000173889,-3.359349733,-3.359349733,-6.351212158,0.000422762,0.030694428,0.57931258,PHC3
ENSG00000173915,2.076386873,2.076386873,4.874146695,0.001927244,0.045579675,-0.949347847,ATP5MD
ENSG00000173976,-3.459232621,-3.459232621,-7.786175991,0.000122074,0.022929945,1.784324676,RAX2
ENSG00000174021,2.889718809,2.889718809,6.705704315,0.00030522,0.028700544,0.900339849,GNG5
ENSG00000174038,-6.876050744,-6.876050744,-7.870897055,0.000616509,0.033232934,0.050332802,C9orf131
ENSG00000174059,-5.121315416,-5.121315416,-11.27002324,1.15E-05,0.01487035,3.886647834,CD34
ENSG00000174132,3.138917947,3.138917947,5.916999606,0.000642142,0.033500577,0.163079186,FAM174A
ENSG00000174197,-2.184816321,-2.184816321,-4.689611236,0.00237706,0.048025648,-1.163840842,MGA
ENSG00000174501,-4.55604071,-4.55604071,-8.611713867,6.48E-05,0.020518997,2.374949152,ANKRD36C
ENSG00000174527,-4.26322658,-4.26322658,-7.118716551,0.000435568,0.030793223,0.631444482,MYO1H
ENSG00000174951,-3.019167613,-3.019167613,-5.088740235,0.002431053,0.048166664,-0.990568805,FUT1
ENSG00000175426,-3.149593654,-3.149593654,-4.616837657,0.002585538,0.049168328,-1.249936687,PCSK1
ENSG00000175489,-5.410954522,-5.410954522,-8.67977827,0.000149385,0.023246427,1.552492977,LRRC25
ENSG00000175602,2.885785948,2.885785948,5.209185995,0.00133296,0.040474781,-0.573776886,CCDC85B
ENSG00000175920,-3.444929757,-3.444929757,-6.278869455,0.00045258,0.030923789,0.511762398,DOK7
ENSG00000176641,-3.55930239,-3.55930239,-5.11785542,0.001471644,0.041801135,-0.674403013,RNF152
ENSG00000176681,-2.816755496,-2.816755496,-5.600212752,0.000883463,0.035708585,-0.157464675,LRRC37A
ENSG00000176723,-2.328460147,-2.328460147,-4.589584503,0.002668762,0.049511159,-1.282399267,ZNF843
ENSG00000176890,2.260955267,2.260955267,4.657966454,0.002465333,0.048320589,-1.201173536,TYMS
ENSG00000177182,4.207416653,4.207416653,7.348873224,0.000174598,0.02454771,1.442775106,CLVS1
ENSG00000177301,-3.030992705,-3.030992705,-5.329667911,0.001935054,0.045579675,-0.767539859,KCNA2
ENSG00000177464,-3.476107978,-3.476107978,-6.4314202,0.000392258,0.030215461,0.653388521,GPR4
ENSG00000177683,2.710570004,2.710570004,5.136665938,0.001441814,0.041306026,-0.653571339,THAP5
ENSG00000177917,2.45721993,2.45721993,4.957188324,0.001756396,0.043996524,-0.85460458,ARL6IP6
ENSG00000178127,-2.444281209,-2.444281209,-5.493186391,0.000986791,0.036931758,-0.269104935,NDUFV2
ENSG00000178385,-3.104573883,-3.104573883,-5.447307998,0.001035171,0.037187928,-0.317488673,PLEKHM3
ENSG00000178460,2.463930708,2.463930708,5.297710448,0.001212318,0.039207852,-0.477480664,MCMDC2
ENSG00000178597,-6.940726713,-6.940726713,-7.944930524,0.000590837,0.032727618,0.078137228,PSAPL1
ENSG00000178826,-3.248119687,-3.248119687,-5.748172321,0.001323948,0.040443498,-0.401171583,TMEM139
ENSG00000179271,3.183289054,3.183289054,6.923772591,0.00025142,0.02696718,1.089858856,GADD45GIP1
ENSG00000179902,-2.718435147,-2.718435147,-5.484919769,0.000995319,0.037018867,-0.277799494,C1orf194
ENSG00000179909,-3.098925956,-3.098925956,-6.96947126,0.000241554,0.026758941,1.128830923,ZNF154
ENSG00000180332,-3.024491235,-3.024491235,-5.311588696,0.001967976,0.045765638,-0.783961891,KCTD4
ENSG00000180525,-7.160081123,-7.160081123,-12.39593842,2.05E-05,0.016484296,3.014055592,PRR26
ENSG00000180596,-4.974611394,-4.974611394,-5.847555184,0.00068794,0.033749705,0.0940582,HIST1H2BC
ENSG00000180817,2.410087549,2.410087549,4.806184356,0.002080867,0.046614608,-1.027706937,PPA1
ENSG00000181019,2.370075591,2.370075591,5.537262633,0.000942683,0.036236858,-0.222920673,NQO1
ENSG00000181322,-4.016763859,-4.016763859,-7.123869368,0.000211314,0.026048647,1.258638723,NME9
ENSG00000181610,1.951596341,1.951596341,4.558190237,0.002768329,0.049697784,-1.319943503,MRPS23
ENSG00000181722,-6.168248271,-6.168248271,-14.4751376,2.20E-06,0.006423089,5.147391647,ZBTB20
ENSG00000182004,3.107576879,3.107576879,6.824972769,0.000274344,0.028083088,1.004726573,SNRPE
ENSG00000182168,-2.908930646,-2.908930646,-4.76071858,0.002191217,0.047407147,-1.080541656,UNC5C
ENSG00000182257,-2.143188095,-2.143188095,-4.79689935,0.002102891,0.046969606,-1.03846984,PRR34
ENSG00000182287,2.888773655,2.888773655,6.227338934,0.000475263,0.031193978,0.463214191,AP1S2
ENSG00000182463,-2.51308597,-2.51308597,-4.57350962,0.002719239,0.049643171,-1.301603204,TSHZ2
ENSG00000182552,2.910437181,2.910437181,4.622150405,0.002569652,0.049005885,-1.243622403,RWDD4
ENSG00000182578,-4.084638436,-4.084638436,-6.579133162,0.000342345,0.029935136,0.787590739,CSF1R
ENSG00000182752,-3.478252798,-3.478252798,-4.65781669,0.002465759,0.048320589,-1.201350603,PAPPA
ENSG00000183023,-3.008071678,-3.008071678,-6.02068486,0.000579994,0.032677455,0.264853794,SLC8A1
ENSG00000183044,-2.350489877,-2.350489877,-5.242747702,0.001285712,0.040030436,-0.537125857,ABAT
ENSG00000183049,-3.393925884,-3.393925884,-6.526441864,0.000359279,0.030215461,0.74004574,CAMK1D
ENSG00000183091,-2.936217056,-2.936217056,-5.205438322,0.001338355,0.040530106,-0.577880391,NEB
ENSG00000183206,-3.004490916,-3.004490916,-4.542764995,0.002818751,0.04979793,-1.33844893,POTEC
ENSG00000183230,-5.794875846,-5.794875846,-6.63329474,0.001328461,0.040443498,-0.487311525,CTNNA3
ENSG00000183291,2.703042289,2.703042289,6.164362594,0.000504738,0.031193978,0.403390578,SELENOF
ENSG00000183638,-2.523447647,-2.523447647,-4.626533288,0.002556627,0.048931418,-1.238416715,RP1L1
ENSG00000183801,-3.697968299,-3.697968299,-8.265987997,8.40E-05,0.021583026,2.135786315,OLFML1
ENSG00000183814,2.718997526,2.718997526,6.273175099,0.000455026,0.030923789,0.506415313,LIN9
ENSG00000184060,-5.996913943,-5.996913943,-6.725085519,0.000299946,0.02855,0.917424433,ADAP2
ENSG00000184113,-3.761529486,-3.761529486,-4.905261084,0.001861155,0.045116556,-0.91372022,CLDN5
ENSG00000184156,-4.068705434,-4.068705434,-7.231003381,0.000400772,0.030215461,0.705923602,KCNQ3
ENSG00000184203,1.99331716,1.99331716,4.595731785,0.002649734,0.049473012,-1.27506644,PPP1R2
ENSG00000184258,-5.698512558,-5.698512558,-6.522989341,0.001430746,0.041183387,-0.542734985,CDR1
ENSG00000184260,-4.441605913,-4.441605913,-5.127121555,0.002343109,0.04769074,-0.954427486,HIST2H2AC
ENSG00000184270,-5.02386081,-5.02386081,-5.750727085,0.002480051,0.048437843,-0.971605221,HIST2H2AB
ENSG00000184357,-6.539814813,-6.539814813,-7.486013566,0.000773546,0.035303158,-0.101583343,HIST1H1B
ENSG00000184454,-2.348091376,-2.348091376,-5.427249302,0.001057151,0.037352676,-0.338742887,NCMAP
ENSG00000184564,3.184053848,3.184053848,4.576376922,0.002710158,0.049643171,-1.298174703,SLITRK6
ENSG00000185055,2.851893698,2.851893698,6.288423397,0.00044851,0.030923789,0.520723837,EFCAB10
ENSG00000185130,-4.729881965,-4.729881965,-6.21076605,0.000482827,0.031193978,0.447523629,HIST1H2BL
ENSG00000185222,2.061660306,2.061660306,4.737875062,0.0022491,0.047407147,-1.107213045,TCEAL9
ENSG00000185278,-3.399519894,-3.399519894,-5.099575692,0.001501292,0.04198946,-0.694700045,ZBTB37
ENSG00000185345,-2.652455355,-2.652455355,-4.77770905,0.002149236,0.047330241,-1.06075855,PRKN
ENSG00000185477,-4.308567369,-4.308567369,-10.08828667,2.36E-05,0.016878747,3.279285641,GPRIN3
ENSG00000185479,-6.023860811,-6.023860811,-6.895409892,0.001118297,0.038464148,-0.360935864,KRT6B
ENSG00000185630,-3.700029639,-3.700029639,-8.646880921,6.32E-05,0.020518997,2.398646826,PBX1
ENSG00000185811,-4.122067408,-4.122067408,-6.88844726,0.000259359,0.027244332,1.059558349,IKZF1
ENSG00000185823,-4.311648864,-4.311648864,-7.646856653,0.00029711,0.02855,0.96991945,NPAP1
ENSG00000185829,-2.512974966,-2.512974966,-4.853309722,0.001972961,0.045826153,-0.973293792,ARL17A
ENSG00000185900,-4.641940946,-4.641940946,-8.538136415,6.85E-05,0.02073492,2.324997683,POMK
ENSG00000186118,-3.825992021,-3.825992021,-6.73237302,0.000584974,0.032677455,0.364186473,TEX38
ENSG00000186395,2.795369616,2.795369616,6.474495501,0.000376903,0.030215461,0.692818903,KRT10
ENSG00000186468,2.075854603,2.075854603,4.844568074,0.001992499,0.045959511,-0.983360422,RPS23
ENSG00000186517,-3.523023387,-3.523023387,-8.01739648,0.000101699,0.022929945,1.956623556,ARHGAP30
ENSG00000187109,2.377631671,2.377631671,5.235836605,0.001295286,0.040140576,-0.544658818,NAP1L1
ENSG00000187118,2.258116419,2.258116419,5.296489344,0.001213897,0.039207852,-0.478800731,CMC1
ENSG00000187513,-2.87641221,-2.87641221,-4.796112141,0.00210477,0.046969606,-1.039382987,GJA4
ENSG00000187514,2.321051261,2.321051261,5.333570172,0.001166958,0.038672981,-0.438817095,PTMA
ENSG00000187800,-3.024673824,-3.024673824,-6.17796187,0.000498203,0.031193978,0.416355092,PEAR1
ENSG00000187902,-2.543078876,-2.543078876,-5.978882748,0.000604199,0.033123907,0.22400508,SHISA7
ENSG00000188001,-3.970745329,-3.970745329,-6.094881241,0.000981551,0.036800279,-0.11682609,TPRG1
ENSG00000188010,2.38885836,2.38885836,4.546519172,0.002806386,0.049730186,-1.333941554,MORN2
ENSG00000188152,-2.878970186,-2.878970186,-4.625437325,0.002559877,0.048931418,-1.239718133,NUTM2G
ENSG00000188158,-3.115929201,-3.115929201,-4.564614384,0.002747624,0.049643171,-1.312247916,NHS
ENSG00000188167,-3.974055195,-3.974055195,-8.130855735,9.31E-05,0.022161302,2.039161634,TMPPE
ENSG00000188227,-2.68142471,-2.68142471,-5.60923597,0.00087532,0.035708585,-0.148130695,ZNF793
ENSG00000188243,2.707303859,2.707303859,6.201603006,0.000487068,0.031193978,0.438832301,COMMD6
ENSG00000188559,-2.245075169,-2.245075169,-4.571324327,0.002726182,0.049643171,-1.304217104,RALGAPA2
ENSG00000188672,3.562971606,3.562971606,5.454262368,0.001724546,0.043732871,-0.655726817,RHCE
ENSG00000189184,-3.946487972,-3.946487972,-5.628571735,0.000858154,0.035701479,-0.128169738,PCDH18
ENSG00000189299,5.278767364,5.278767364,6.042514234,0.002001351,0.045971269,-0.80075684,FOXR2
ENSG00000189403,2.072431808,2.072431808,4.851326196,0.001977376,0.045837376,-0.97557689,HMGB1
ENSG00000196072,2.401296573,2.401296573,5.64065223,0.00084762,0.035701479,-0.115726785,BLOC1S2
ENSG00000196154,2.893209544,2.893209544,5.072175203,0.001546988,0.042468049,-0.725222746,S100A4
ENSG00000196159,-3.434205112,-3.434205112,-4.960185534,0.002754217,0.049643171,-1.113337509,FAT4
ENSG00000196220,-2.336484858,-2.336484858,-5.182750857,0.001371541,0.040733027,-0.60276866,SRGAP3
ENSG00000196329,-6.66374714,-6.66374714,-7.62787677,0.000710658,0.033960123,-0.044112908,GIMAP5
ENSG00000196569,-2.517872871,-2.517872871,-5.462131942,0.001019254,0.037187928,-0.301820408,LAMA2
ENSG00000196628,-2.72551962,-2.72551962,-6.162518464,0.000505631,0.031193978,0.401630567,TCF4
ENSG00000196787,-4.445429044,-4.445429044,-5.938289048,0.000628795,0.033326144,0.184100715,HIST1H2AG
ENSG00000196834,-2.834607441,-2.834607441,-6.192983347,0.000491095,0.031193978,0.430645891,POTEI
ENSG00000196911,2.550814362,2.550814362,5.450946584,0.001031238,0.037187928,-0.313639763,KPNA5
ENSG00000196912,-4.45373658,-4.45373658,-5.137658125,0.00144026,0.041306026,-0.652474082,ANKRD36B
ENSG00000196967,-3.565722315,-3.565722315,-5.385566013,0.001837177,0.04479462,-0.717083165,ZNF585A
ENSG00000197045,2.754118176,2.754118176,5.423953309,0.001060813,0.03736881,-0.342241169,GMFB
ENSG00000197061,-7.72404765,-7.72404765,-8.841584532,0.000362316,0.030215461,0.382397638,HIST1H4C
ENSG00000197140,-2.276119757,-2.276119757,-4.567375215,0.002738779,0.049643171,-1.308942727,ADAM32
ENSG00000197153,-5.013131197,-5.013131197,-7.433495042,0.000345819,0.029935136,0.83675355,HIST1H3J
ENSG00000197170,2.153376764,2.153376764,4.827142321,0.002032089,0.046236033,-1.003463938,PSMD12
ENSG00000197223,2.88417827,2.88417827,4.963080194,0.002746422,0.049643171,-1.110543825,C1D
ENSG00000197409,-5.505749738,-5.505749738,-11.50721645,1.00E-05,0.013741062,3.997886796,HIST1H3D
ENSG00000197584,-3.19598609,-3.19598609,-5.415901826,0.001786434,0.044302782,-0.689900291,KCNMB2
ENSG00000197629,-5.763848951,-5.763848951,-6.597778786,0.001360417,0.040725201,-0.505008225,MPEG1
ENSG00000197714,-5.244476897,-5.244476897,-10.9412842,1.39E-05,0.015200351,3.726840719,ZNF460
ENSG00000197728,2.015536092,2.015536092,4.602048471,0.002630338,0.049460512,-1.267537908,RPS26
ENSG00000197780,3.212751747,3.212751747,5.097778571,0.00241001,0.048136719,-0.982036877,TAF13
ENSG00000197837,-3.189759353,-3.189759353,-4.775166965,0.00215546,0.047332437,-1.063715512,HIST4H4
ENSG00000197872,-4.665027973,-4.665027973,-8.182826299,0.000206025,0.025692471,1.284456405,FAM49A
ENSG00000197915,-3.169287791,-3.169287791,-5.035944973,0.001609806,0.0427084,-0.76576291,HRNR
ENSG00000197937,-3.328460146,-3.328460146,-6.381466122,0.000410953,0.030520479,0.607354125,ZNF347
ENSG00000197956,3.790208455,3.790208455,8.928136854,5.16E-05,0.019406976,2.584139874,S100A6
ENSG00000198056,2.677994962,2.677994962,4.969883362,0.001731794,0.043801987,-0.840217405,PRIM1
ENSG00000198435,-3.190114313,-3.190114313,-4.729261529,0.002271365,0.047407147,-1.117291753,NRARP
ENSG00000198569,-3.614153085,-3.614153085,-6.122764612,0.000958754,0.036236858,-0.094679569,SLC34A3
ENSG00000198818,2.103133838,2.103133838,4.939769067,0.001790788,0.044332465,-0.87438737,SFT2D1
ENSG00000198843,2.107133514,2.107133514,4.950981789,0.001768565,0.044062965,-0.861647716,SELENOT
ENSG00000198844,-6.340865692,-6.340865692,-10.77271116,4.52E-05,0.019406976,2.475603821,ARHGEF15
ENSG00000198865,-2.129448369,-2.129448369,-4.859860293,0.001958461,0.0456713,-0.96575836,CCDC152
ENSG00000198898,2.442059274,2.442059274,5.148467893,0.001423443,0.041183387,-0.640529581,CAPZA2
ENSG00000198937,2.490379861,2.490379861,5.016339469,0.001644981,0.043133899,-0.78778711,CCDC167
ENSG00000203737,-5.284681114,-5.284681114,-6.049283602,0.001991615,0.045959511,-0.796924974,GPR52
ENSG00000203857,-3.726686363,-3.726686363,-6.239239006,0.000869878,0.035701479,-0.003297284,HSD3B1
ENSG00000203950,2.698750724,2.698750724,5.523094922,0.000956616,0.036236858,-0.237734129,RTL8A
ENSG00000204131,-4.335684827,-4.335684827,-7.890540213,0.000112354,0.022929945,1.862782973,NHSL2
ENSG00000204172,-3.150336871,-3.150336871,-4.585835925,0.002680439,0.04963478,-1.286873784,AGAP9
ENSG00000204323,-3.348277688,-3.348277688,-7.723022024,0.000128417,0.022929945,1.736287468,SMIM5
ENSG00000204370,4.295510697,4.295510697,7.596731378,0.000307799,0.028711464,0.939056933,SDHD
ENSG00000204472,-4.038221152,-4.038221152,-6.652212869,0.000320326,0.029179726,0.852939745,AIF1
ENSG00000204482,-5.005939993,-5.005939993,-8.765551588,0.000141552,0.022929945,1.596615738,LST1
ENSG00000204524,-2.571577617,-2.571577617,-5.681832263,0.000812786,0.035635818,-0.073473359,ZNF805
ENSG00000204899,3.405523266,3.405523266,6.02510973,0.000577497,0.032677455,0.269163341,MZT1
ENSG00000205420,-6.608823312,-6.608823312,-7.565006408,0.000737746,0.034562877,-0.069364371,KRT6A
ENSG00000205707,2.852891941,2.852891941,6.606961669,0.000333765,0.029707659,0.812556335,ETFRF1
ENSG00000205929,-2.899875319,-2.899875319,-6.546529878,0.000352714,0.030122871,0.758214277,C21orf62
ENSG00000206181,-4.940726713,-4.940726713,-5.655564913,0.002664658,0.049511159,-1.029801053,ELOA2
ENSG00000206538,-4.051768481,-4.051768481,-6.6008381,0.000335632,0.029760243,0.807071304,VGLL3
ENSG00000211448,-3.546601957,-3.546601957,-5.013843225,0.00164952,0.043133899,-0.790595674,DIO2
ENSG00000213064,-2.481117561,-2.481117561,-5.461442821,0.001019988,0.037187928,-0.302548042,SFT2D2
ENSG00000213186,2.010307919,2.010307919,4.564321608,0.002748564,0.049643171,-1.312598492,TRIM59
ENSG00000214194,2.112757644,2.112757644,4.924021304,0.001822526,0.044691178,-0.89231343,SMIM30
ENSG00000214562,-4.791692997,-4.791692997,-10.86253448,1.46E-05,0.015200351,3.687553897,NUTM2D
ENSG00000215421,-2.095244683,-2.095244683,-4.827074782,0.002032244,0.046236033,-1.003541951,ZNF407
ENSG00000218891,2.621294335,2.621294335,4.869007052,0.001938411,0.045579675,-0.955247896,ZNF579
ENSG00000221818,-4.918895496,-4.918895496,-6.364717348,0.000417444,0.030694428,0.591845263,EBF2
ENSG00000221886,2.256720516,2.256720516,4.689037429,0.002378629,0.048025648,-1.164516348,ZBED8
ENSG00000223547,-2.699573971,-2.699573971,-4.673187498,0.002422428,0.048136719,-1.183196443,ZNF844
ENSG00000225614,-4.462818851,-4.462818851,-4.812278225,0.002066551,0.046607318,-1.020650625,ZNF469
ENSG00000225973,3.875217039,3.875217039,5.368009053,0.001867296,0.045123373,-0.732879478,PIGBOS1
ENSG00000227471,-3.904234161,-3.904234161,-5.873278695,0.001186625,0.03902975,-0.296625741,AKR1B15
ENSG00000228300,1.980758028,1.980758028,4.576330837,0.002710304,0.049643171,-1.298229797,C19orf24
ENSG00000228727,2.813322652,2.813322652,4.99312373,0.002666984,0.049511159,-1.081628373,SAPCD1
ENSG00000233436,-6.166904041,-6.166904041,-10.04838812,6.66E-05,0.020518997,2.18956458,BTBD18
ENSG00000233822,-4.622001424,-4.622001424,-7.644174783,0.000136866,0.022929945,1.675712882,HIST1H2BN
ENSG00000234465,-2.357614427,-2.357614427,-4.631023002,0.002543361,0.048868139,-1.233087359,PINLYP
ENSG00000240583,-2.645526374,-2.645526374,-4.883589309,0.001906916,0.04542499,-0.93851921,AQP1
ENSG00000243649,-4.080595987,-4.080595987,-7.253950217,0.000394062,0.030215461,0.72097267,CFB
ENSG00000244242,2.384485037,2.384485037,4.673094877,0.002422687,0.048136719,-1.183305721,IFITM10
ENSG00000250722,-3.237802969,-3.237802969,-6.731012126,0.000298354,0.02855,0.92263928,SELENOP
ENSG00000253276,2.398082843,2.398082843,4.74229444,0.002237771,0.047407147,-1.102046561,CCDC71L
ENSG00000255302,4.900520921,4.900520921,8.732520282,5.94E-05,0.020518997,2.455881745,EID1
ENSG00000255524,-3.401934986,-3.401934986,-6.049180651,0.001020276,0.037187928,-0.153352223,NPIPB8
ENSG00000256162,-4.884143184,-4.884143184,-5.590794722,0.002799617,0.049730186,-1.070132158,SMLR1
ENSG00000257315,-6.685239774,-6.685239774,-10.65001268,4.81E-05,0.019406976,2.429348928,ZBED6
ENSG00000258227,-3.82599202,-3.82599202,-5.859026558,0.001201414,0.039207852,-0.308423407,CLEC5A